{
    "train_loss": [
        4.236914021628244,
        1.2122917741864592
    ],
    "val_loss": [
        1.0555773140289462,
        0.5414188688871666
    ]
}